Date,Open,High,Low,Close,Volume
1/2/2020 16:00:00,284.96,291.68,284.22,291.24,1771770
1/3/2020 16:00:00,286.9,293.06,286.5,291.1,1135820
1/6/2020 16:00:00,285.19,293.41,284.6,292.87,1474090
1/7/2020 16:00:00,293.22,294.58,288.03,292.91,1439902
1/8/2020 16:00:00,294.56,297.69,293.24,295.65,1740786
1/9/2020 16:00:00,297.3,299.77,294.23,299.31,1403564
1/10/2020 16:00:00,300.72,303.39,297.45,298.88,1258528
1/13/2020 16:00:00,302.35,305.86,301,303.85,1643781
1/14/2020 16:00:00,303.85,306,301.37,301.5,1499109
1/15/2020 16:00:00,302,307.73,301.9,304.87,1486320
1/16/2020 16:00:00,306,310.5,305.35,310.02,2269426
1/17/2020 16:00:00,310.44,312.79,309.56,312.52,2114283
1/21/2020 16:00:00,312,315.6,311.11,312.98,2558574
1/22/2020 16:00:00,317.03,317.27,312.75,312.85,1769898
1/23/2020 16:00:00,313,316.18,310.9,311.46,1591830
1/24/2020 16:00:00,314.58,318.84,307.78,309.39,1789576
1/27/2020 16:00:00,300.45,308.18,298.05,307.63,1724839
1/28/2020 16:00:00,309.29,315.21,308.4,314.05,1544072
1/29/2020 16:00:00,315.52,315.98,311.06,312.93,2547323
1/30/2020 16:00:00,333.73,343.89,329.65,341.62,4947373
1/31/2020 16:00:00,339.5,339.91,332.83,338.23,2432902
2/3/2020 16:00:00,338.41,344.75,337.25,343.2,2119252
2/4/2020 16:00:00,346,354.64,344.52,352.03,2039307
2/5/2020 16:00:00,353.17,355.99,334.81,338.5,2851148
2/6/2020 16:00:00,340.01,342.82,334.08,341.7,1474432
2/7/2020 16:00:00,341.71,345.77,339.69,341.06,1677741
2/10/2020 16:00:00,340.72,345,338.9,342.77,1781890
2/11/2020 16:00:00,345.96,346.19,341.04,343.57,1194805
2/12/2020 16:00:00,345.02,350.43,339.5,349.8,1306853
2/13/2020 16:00:00,347.5,357,347.5,351.81,2489096
2/14/2020 16:00:00,353.64,356.32,350.88,356.16,1106504
2/18/2020 16:00:00,356,358.76,354.04,357.49,1289043
2/19/2020 16:00:00,358.75,362.95,357.4,357.72,1307132
2/20/2020 16:00:00,357.72,361.98,345.41,352.94,1948079
2/21/2020 16:00:00,350.48,351.75,338.78,344.48,2348680
2/24/2020 16:00:00,327.34,336.5,324.19,333.56,2016939
2/25/2020 16:00:00,338.56,342.08,327.57,329.72,1839551
2/26/2020 16:00:00,331,342.51,330.25,334.27,1616541
2/27/2020 16:00:00,323.69,331.43,317.77,320.1,2275983
2/28/2020 16:00:00,310,327,307.1,326.09,3202474
3/2/2020 16:00:00,333.83,344.48,326.32,344.4,2699972
3/3/2020 16:00:00,344.39,350.7,325.13,329.63,2952500
3/4/2020 16:00:00,336.74,345.22,331.63,345.07,1575508
3/5/2020 16:00:00,337.49,343.03,326.27,329.33,1959899
3/6/2020 16:00:00,319.39,323.51,300.8,317.24,4108955
3/9/2020 16:00:00,294.39,306.84,288,292.09,3436296
3/10/2020 16:00:00,302.38,313,291.62,312.8,3919257
3/11/2020 16:00:00,304.98,310.27,283.81,290.63,2914960
3/12/2020 16:00:00,270.04,287.13,261.61,262.12,3877823
3/13/2020 16:00:00,277.41,288.5,264.84,287.67,3038289
3/16/2020 16:00:00,251.01,283.84,250,265.43,3389124
3/17/2020 16:00:00,271.41,302.98,270.02,287.42,3908334
3/18/2020 16:00:00,266,279.94,238.93,278.16,4428490
3/19/2020 16:00:00,276.46,290,258.01,277.66,2792150
3/20/2020 16:00:00,276.06,284.68,252.25,254.7,3502329
3/23/2020 16:00:00,254.9,260.39,240.16,255.32,2825075
3/24/2020 16:00:00,275.58,283.6,268.54,272,3371383
3/25/2020 16:00:00,272.35,278.95,257.32,264.67,3088719
3/26/2020 16:00:00,269.69,295,267.99,294.73,3731688
3/27/2020 16:00:00,284.13,284.13,269.46,274,3076173
3/30/2020 16:00:00,277.77,292.7,275.2,286.39,2368737
3/31/2020 16:00:00,289.59,296.17,281.31,286.58,3394846
4/1/2020 16:00:00,274.39,278.8,268.68,273.07,2424010
4/2/2020 16:00:00,265,272.62,249.25,259,4418665
4/3/2020 16:00:00,258.85,261.16,246.67,249.57,2849812
4/6/2020 16:00:00,259.49,272.25,255.51,269.95,3215117
4/7/2020 16:00:00,277,278.1,255.24,262.35,3045355
4/8/2020 16:00:00,266.44,276.41,263.9,274.05,1770052
4/9/2020 16:00:00,276.08,285.12,274.62,278.06,2754274
4/13/2020 16:00:00,276.76,284.5,273.76,283.56,2319536
4/14/2020 16:00:00,297,303.14,289.28,302.09,2556082
4/15/2020 16:00:00,297.21,299.39,293.56,295.92,1799710
4/16/2020 16:00:00,300.48,301.85,289.21,291.94,2076425
4/17/2020 16:00:00,302.09,303.12,296.51,299.59,2128579
4/20/2020 16:00:00,298.19,308.14,296.6,302.46,1877210
4/21/2020 16:00:00,298.96,303.7,281.57,288.77,2892848
4/22/2020 16:00:00,295.92,302.68,293.06,299.61,1421974
4/23/2020 16:00:00,300,304.69,296,297.31,1456946
4/24/2020 16:00:00,297.53,303.68,292.7,302.94,1475280
4/27/2020 16:00:00,307.53,311,306.27,308.6,1156552
4/28/2020 16:00:00,312.79,315,295.78,296,2254624
4/29/2020 16:00:00,301.6,325.44,301.57,321.99,3477898
4/30/2020 16:00:00,327.84,357.78,327.49,351.54,5389531
5/1/2020 16:00:00,342.09,351,336,339.51,2449831
5/4/2020 16:00:00,336.52,356.5,335.01,354.64,2537680
5/5/2020 16:00:00,360,376.18,356.07,370.64,2977190
5/6/2020 16:00:00,374.63,379.8,364.5,365.39,2390486
5/7/2020 16:00:00,368.97,386.57,368.53,381.83,2763337
5/8/2020 16:00:00,384,387.6,376.13,377.26,2106079
5/11/2020 16:00:00,375,388.5,370.04,383.65,1576533
5/12/2020 16:00:00,384.13,384.99,364.57,365.6,3390918
5/13/2020 16:00:00,366.01,370.46,351.29,361.29,2895248
5/14/2020 16:00:00,358.71,370.06,351.51,367.83,2307241
5/15/2020 16:00:00,365.45,372.45,363.06,370.46,2504681
5/18/2020 16:00:00,378,381.78,373.18,374.87,1754997
5/19/2020 16:00:00,375,389.67,373.23,382.88,1722083
5/20/2020 16:00:00,390,394.76,384.39,390.16,1463644
5/21/2020 16:00:00,390.52,393.59,382.41,383.64,991786
5/22/2020 16:00:00,389.04,394.14,384.99,387.96,1006172
5/26/2020 16:00:00,396.13,396.15,379.63,380.67,1714930
5/27/2020 16:00:00,378.05,378.05,352.07,371.16,3761116
5/28/2020 16:00:00,370,386.67,368.46,377.98,1546830
5/29/2020 16:00:00,381.41,388.23,378.63,387.93,1969262
6/1/2020 16:00:00,385.06,387.94,381.85,383.37,1336559
6/2/2020 16:00:00,384.45,392.9,375.44,392.9,2024387
6/3/2020 16:00:00,389.99,393.11,381.1,388.09,1400870
6/4/2020 16:00:00,385.69,389.7,372.42,376.95,2087448
6/5/2020 16:00:00,370,390.68,367.03,390.46,2455443
6/8/2020 16:00:00,386.58,388.77,375.68,386.64,1512760
6/9/2020 16:00:00,390.98,398,385.49,388.83,1689679
6/10/2020 16:00:00,392.34,405.53,392.34,401.66,2005313
6/11/2020 16:00:00,393.83,397.46,372.87,375.05,2924986
6/12/2020 16:00:00,387.62,392.38,377.76,385.13,1556615
6/15/2020 16:00:00,378.2,393.98,375.37,392.5,1437586
6/16/2020 16:00:00,400,402.87,389.19,398.46,1743981
6/17/2020 16:00:00,400.01,407.59,398.05,400.65,1562548
6/18/2020 16:00:00,402.26,404.49,396.1,401.03,1320777
6/19/2020 16:00:00,406.25,407.99,398.44,399.87,2304956
6/22/2020 16:00:00,396.42,403.22,391.85,402.82,1570513
6/23/2020 16:00:00,408,409.8,397.38,400.94,1671804
6/24/2020 16:00:00,399.78,405.24,388.87,392.93,1450491
6/25/2020 16:00:00,391.72,401.69,385.66,401.64,1295413
6/26/2020 16:00:00,401.83,402.84,391.08,399.97,2013158
6/29/2020 16:00:00,401.48,402.99,385.5,394.55,1388937
6/30/2020 16:00:00,394.88,406.17,394,405.06,1760810
7/1/2020 16:00:00,405.38,417.62,403.5,416.79,1794284
7/2/2020 16:00:00,421.31,424.84,412.69,414.21,1385672
7/6/2020 16:00:00,419.29,425,412.15,416.44,1774825
7/7/2020 16:00:00,416.44,421.23,410.97,411.74,1313515
7/8/2020 16:00:00,416.8,426.78,415.5,425.2,1516193
7/9/2020 16:00:00,428,430.83,415.6,426.37,1407118
7/10/2020 16:00:00,426.5,427.78,419.46,422.91,1482532
7/13/2020 16:00:00,425,427.78,399.47,401.87,1622996
7/14/2020 16:00:00,400,413.81,390.84,413.23,1782688
7/15/2020 16:00:00,422.89,425.96,415.74,423.56,2118362
7/16/2020 16:00:00,416.06,418.26,404.49,413.88,1446456
7/17/2020 16:00:00,415.75,423.4,411.45,421.81,1099520
7/20/2020 16:00:00,425,454.7,424.54,449.27,3131832
7/21/2020 16:00:00,447.23,447.47,434.18,437.22,1600573
7/22/2020 16:00:00,440,443.96,434.32,441.6,872830
7/23/2020 16:00:00,441.1,448.34,428.62,430.85,1324394
7/24/2020 16:00:00,420.28,430.31,414.6,425.19,1003821
7/27/2020 16:00:00,430,436.16,426.01,433.81,985255
7/28/2020 16:00:00,435,442.58,431,435.04,1038071
7/29/2020 16:00:00,442.57,446.51,437.87,445.71,2255868
7/30/2020 16:00:00,432.72,438.6,421.33,431.4,3143077
7/31/2020 16:00:00,436.99,439.2,428.32,439.2,1745876
8/3/2020 16:00:00,443.72,444.79,431.16,439.96,1801941
8/4/2020 16:00:00,437.42,442.49,433.87,438.15,1141120
8/5/2020 16:00:00,440,441.05,435.33,435.74,1018629
8/6/2020 16:00:00,437.88,439.57,425.34,430.33,2230896
8/7/2020 16:00:00,432.04,439.29,423.71,431.21,2459662
8/10/2020 16:00:00,430.44,439.13,422.17,438.68,2724446
8/11/2020 16:00:00,434.35,434.99,418.53,421.36,1639128
8/12/2020 16:00:00,425.14,431.43,423.05,427.13,1619889
8/13/2020 16:00:00,427.86,439.81,426.71,438.42,1700125
8/14/2020 16:00:00,438.36,442.89,434.32,435.73,1252370
8/17/2020 16:00:00,436.98,445.15,436.98,442.37,1969937
8/18/2020 16:00:00,441.72,444.36,435.3,437.58,2272083
8/19/2020 16:00:00,438,443.64,432.1,437.13,1964921
8/20/2020 16:00:00,435.42,454.73,433.36,453.34,2718235
8/21/2020 16:00:00,452.78,453.99,446.18,449.42,2339210
8/24/2020 16:00:00,453.05,458.64,445,448.1,2357007
8/25/2020 16:00:00,450,458.88,445.74,457.93,1164912
8/26/2020 16:00:00,465,488.58,464.1,487.7,2199754
8/27/2020 16:00:00,485,485.1,474.5,480.55,1521161
8/28/2020 16:00:00,485,494,484.4,487.87,1061372
8/31/2020 16:00:00,488.25,490,480.99,482.02,1390680
9/1/2020 16:00:00,485,497.25,482.58,497.19,1370853
9/2/2020 16:00:00,500,501.82,482.66,499.69,1355545
9/3/2020 16:00:00,485,487.99,462.67,468.84,2024617
9/4/2020 16:00:00,466,470,435.1,450.35,2680167
9/8/2020 16:00:00,439.99,452.73,432.85,443.14,1765371
9/9/2020 16:00:00,452.09,462.86,441.85,458.2,1805559
9/10/2020 16:00:00,461,468.32,450.27,452.98,1114841
9/11/2020 16:00:00,457.63,458.49,439.76,445.9,895909
9/14/2020 16:00:00,451.42,463.2,451.17,458.06,1434433
9/15/2020 16:00:00,463.23,474.32,462.61,473.96,1120502
9/16/2020 16:00:00,476.47,479.44,455.78,456.01,1507316
9/17/2020 16:00:00,445.7,455,442,453.8,1578503
9/18/2020 16:00:00,454.15,457.26,442.71,453.09,1461231
9/21/2020 16:00:00,446.82,462.4,446.2,461.88,1106413
9/22/2020 16:00:00,465.75,471.1,454.6,470.57,930129
9/23/2020 16:00:00,470,473.32,459.04,460.47,826736
9/24/2020 16:00:00,458.79,465.17,453.7,460.12,842539
9/25/2020 16:00:00,468.91,481.65,464.57,479.97,1206757
9/28/2020 16:00:00,486.61,488.4,478.97,484.21,1257986
9/29/2020 16:00:00,486.35,489.56,483.1,487.98,829337
9/30/2020 16:00:00,485.67,493.31,481.15,485,1202344
10/1/2020 16:00:00,491.57,495.13,487.45,492.52,922437
10/2/2020 16:00:00,480.49,502.63,478.99,493.15,1593110
10/5/2020 16:00:00,495.61,502.23,491.27,501.79,1287437
10/6/2020 16:00:00,500,502.6,489.82,491.54,1075785
10/7/2020 16:00:00,497.63,504.21,494,500,858048
10/8/2020 16:00:00,505,505,492,496.5,823356
10/9/2020 16:00:00,503.56,510.88,502.01,508.61,1193425
10/12/2020 16:00:00,513.55,515.55,502,509.09,896321
10/13/2020 16:00:00,516.51,522.77,511.23,518.3,1180580
10/14/2020 16:00:00,520,521.5,509.98,516.89,990207
10/15/2020 16:00:00,509.48,522.99,506,520.68,945391
10/16/2020 16:00:00,524.15,530.73,520.99,524.87,1031892
10/19/2020 16:00:00,526.44,533.37,519.39,521.95,891807
10/20/2020 16:00:00,523,527.58,515.92,518.19,826498
10/21/2020 16:00:00,518.68,519.53,506.83,510.28,831294
10/22/2020 16:00:00,511.7,513.55,495.17,505.96,858230
10/23/2020 16:00:00,509.09,514.23,505.23,514.01,845229
10/26/2020 16:00:00,518.01,521.86,492.51,501.61,1621213
10/27/2020 16:00:00,508.79,510,498.52,499.81,1204132
10/28/2020 16:00:00,486.95,489.92,480.15,484.05,1776599
10/29/2020 16:00:00,497,517.9,493,510.59,2857371
10/30/2020 16:00:00,504.4,507.98,485.59,497.57,1873925
11/2/2020 16:00:00,499.21,507.58,474.29,476,1983704
11/3/2020 16:00:00,477.61,484.71,472.01,480.05,1783333
11/4/2020 16:00:00,506.35,518.23,501,513.58,2223775
11/5/2020 16:00:00,523.31,533.84,520.5,531.08,1186473
11/6/2020 16:00:00,529.53,537.53,519,535.18,826425
11/9/2020 16:00:00,509.65,528.21,500.79,501.96,2398459
11/10/2020 16:00:00,495.53,499.68,472.01,481.28,2501693
11/11/2020 16:00:00,493.71,508.06,489.55,503.36,1578845
11/12/2020 16:00:00,520.45,525.01,506.37,509.78,1631603
11/13/2020 16:00:00,511.6,511.6,495.52,508.01,1235170
11/16/2020 16:00:00,497.49,505.75,495.19,502.28,1587082
11/17/2020 16:00:00,505,516,504.07,513.1,1151537
11/18/2020 16:00:00,511.25,513.56,502.39,507.12,1016214
11/19/2020 16:00:00,508.2,519.93,505,514.33,978532
11/20/2020 16:00:00,515.61,526.46,514,518.06,1184583
11/23/2020 16:00:00,520.1,524.87,514.27,522.11,1294155
11/24/2020 16:00:00,522.71,526,510.16,514.69,1182219
11/25/2020 16:00:00,519,524,511.79,519.22,1083610
11/27/2020 13:00:00,521,529.78,515.85,527.48,741692
11/30/2020 16:00:00,530,535,520.98,534.55,1722519
12/1/2020 16:00:00,536,541.74,525.96,539.59,1150975
12/2/2020 16:00:00,530.77,535,521.17,526.52,1088450
12/3/2020 16:00:00,527.79,539.5,523.3,525.24,1022407
12/4/2020 16:00:00,525.54,529.75,522.24,525.7,744666
12/7/2020 16:00:00,528.76,534.74,527.91,533.25,1379565
12/8/2020 16:00:00,536.79,544.05,528.6,542.25,1869984
12/9/2020 16:00:00,544.43,545,525.65,527.99,1637492
12/10/2020 16:00:00,526.5,538.56,518.51,538,1032898
12/11/2020 16:00:00,538.19,540.69,530.84,537.36,855076
12/14/2020 16:00:00,538.5,539.11,530.96,532.48,1280746
12/15/2020 16:00:00,532,535.11,525.08,527.38,1072741
12/16/2020 16:00:00,532.95,549.88,532,545,1515407
12/17/2020 16:00:00,549.47,558.34,549.47,554.07,1228176
12/18/2020 16:00:00,558.47,566.74,555.55,565.43,2152770
12/21/2020 16:00:00,558.02,562.45,542.7,550.82,1642674
12/22/2020 16:00:00,550.71,562.5,548.97,561.72,1199630
12/23/2020 16:00:00,561.61,565,549.72,550.06,887700
12/24/2020 13:00:00,555.3,560.54,552.74,553.89,623701
12/28/2020 16:00:00,563,563,540.9,543.74,1041943
12/29/2020 16:00:00,550.22,551.63,539.3,545.98,926378
12/30/2020 16:00:00,550.82,552,544.66,547.38,580074
12/31/2020 16:00:00,547.01,551.08,543.71,550.43,664943
1/4/2021 16:00:00,556.94,557.36,521.51,526.83,1889186
1/5/2021 16:00:00,526.04,533.33,524.8,531.97,1544278
1/6/2021 16:00:00,519.77,520.94,507.06,507.25,1969772
1/7/2021 16:00:00,510,516.9,508.71,511.41,1869572
1/8/2021 16:00:00,521.64,531.61,518.16,529.64,1595056
1/11/2021 16:00:00,525,526.96,515.08,523.06,1286528
1/12/2021 16:00:00,520,522.51,507.31,513.21,1173229
1/13/2021 16:00:00,518.21,523.7,511,521.71,1076700
1/14/2021 16:00:00,527.2,528,512.79,514.34,1448698
1/15/2021 16:00:00,518.41,526.56,513,513.76,1083848
1/19/2021 16:00:00,515.6,522.95,509.69,519.42,978114
1/20/2021 16:00:00,527.99,543.47,527.01,542.19,1539177
1/21/2021 16:00:00,543.5,546.4,537.87,544.33,1012418
1/22/2021 16:00:00,549.75,554.34,540.3,541.09,1029993
1/25/2021 16:00:00,547.73,552.82,525.06,537.88,1712264
1/26/2021 16:00:00,540,540.78,530.61,532.46,1417722
1/27/2021 16:00:00,524.88,533.07,508.22,516.5,2241301
1/28/2021 16:00:00,545,563.88,542.86,554.24,3282735
1/29/2021 16:00:00,549.08,552,529.34,543.16,2380192
2/1/2021 16:00:00,546.01,564.73,546.01,558.56,1716922
2/2/2021 16:00:00,562.88,588.82,560.1,583.51,2251609
2/3/2021 16:00:00,583,587.43,574.56,576.65,1491538
2/4/2021 16:00:00,579.89,589,572.13,588.98,1253290
2/5/2021 16:00:00,588.68,592.54,582.32,589.73,972152
2/8/2021 16:00:00,591.31,598.37,584,587.91,1031674
2/9/2021 16:00:00,587.14,588.6,576.01,581.78,1635022
2/10/2021 16:00:00,585.76,593.78,579.01,589.36,966828
2/11/2021 16:00:00,594,595,588,594.47,731289
2/12/2021 16:00:00,591.32,593.71,585.53,591.29,823047
2/16/2021 16:00:00,591.82,594.66,581.15,585.74,891684
2/17/2021 16:00:00,580,583.14,570.75,580.94,887047
2/18/2021 16:00:00,569.96,579.31,565.9,575.8,973554
2/19/2021 16:00:00,577.16,582.11,559.08,570.73,1958172
2/22/2021 16:00:00,566.03,566.03,549.78,550.26,1038824
2/23/2021 16:00:00,539.34,553.8,524.41,551.75,1571200
2/24/2021 16:00:00,545.5,554.2,538.93,551.83,1113512
2/25/2021 16:00:00,550,556.49,526.89,528.79,1761653
2/26/2021 16:00:00,532.5,540.32,521.15,533.46,1799081
3/1/2021 16:00:00,544.82,556.64,540.04,556.47,1234307
3/2/2021 16:00:00,559.56,562.43,548.31,549.3,1121525
3/3/2021 16:00:00,544.29,545.79,513.67,516,1806006
3/4/2021 16:00:00,510.94,517.75,484.9,490.63,2831315
3/5/2021 16:00:00,496.24,496.24,467.15,486.96,3232858
3/8/2021 16:00:00,490.78,497.26,462.51,464.05,1969761
3/9/2021 16:00:00,480.71,493.56,478.78,488.95,2448208
3/10/2021 16:00:00,497.11,499,473.96,474,1927029
3/11/2021 16:00:00,494.49,511.71,490.22,502.87,1923300
3/12/2021 16:00:00,489,494.88,482.74,489.22,1505018
3/15/2021 16:00:00,490,497.21,486.47,496.77,970073
3/16/2021 16:00:00,504.28,509.15,495.31,498.99,1138519
3/17/2021 16:00:00,491.46,492.73,476.37,485,2485959
3/18/2021 16:00:00,479.69,479.8,464.67,466.18,1870161
3/19/2021 16:00:00,468.49,475.57,463.85,470.84,1893885
3/22/2021 16:00:00,471.63,484.44,471.32,476.65,1188290
3/23/2021 16:00:00,480.11,486.44,476.98,478.17,1140936
3/24/2021 16:00:00,480.63,481.5,470,472.32,1476426
3/25/2021 16:00:00,467.88,474,463.8,472.18,1903882
3/26/2021 16:00:00,473.49,495.45,471,495,2440183
3/29/2021 16:00:00,489.46,492.94,482.05,485.39,1720277
3/30/2021 16:00:00,480,490.99,473.21,487.57,1253994
3/31/2021 16:00:00,493.44,506.89,490.52,500.11,1568389
4/1/2021 16:00:00,508,512.91,502.5,507.01,1063926
4/5/2021 16:00:00,511.97,516.07,509.18,514.02,1588791
4/6/2021 16:00:00,511.4,515.14,506.62,509.08,972859
4/7/2021 16:00:00,511.06,512.89,506.83,510.73,646760
4/8/2021 16:00:00,520,528.82,517.48,524.04,1260117
4/9/2021 16:00:00,518.09,530.61,510,530,1453052
4/12/2021 16:00:00,529.18,541.22,524.73,537,1329013
4/13/2021 16:00:00,539,551.28,539,548.93,1364392
4/14/2021 16:00:00,551,560.19,542.84,544.84,1341065
4/15/2021 16:00:00,553.46,560.17,552.92,559.35,885183
4/16/2021 16:00:00,560.56,560.79,550.26,556.91,879687
4/19/2021 16:00:00,553.42,556.88,546,549.37,895372
4/20/2021 16:00:00,548.96,552.92,536.5,540.78,794840
4/21/2021 16:00:00,545.16,549.07,537.13,546.47,1032519
4/22/2021 16:00:00,547,558,543.85,548.49,900436
4/23/2021 16:00:00,553.28,555.89,549.33,552.7,780477
4/26/2021 16:00:00,554,559.39,549.25,559.21,671972
4/27/2021 16:00:00,557.95,565.29,553.59,562.63,961234
4/28/2021 16:00:00,559.25,559.79,552.44,557.24,1715568
4/29/2021 16:00:00,521,530.8,503.5,505,8692938
4/30/2021 16:00:00,500.28,519.82,500.28,506.37,3440845
5/3/2021 16:00:00,507.46,508.22,488.78,490.32,2419095
5/4/2021 16:00:00,485.52,489.68,473.73,483.3,2469473
5/5/2021 16:00:00,489.18,489.55,477,479.97,933216
5/6/2021 16:00:00,477.1,486.6,473.1,485.84,2188332
5/7/2021 16:00:00,493.4,494.53,474.45,483.51,1997278
5/10/2021 16:00:00,482.5,482.5,464.7,466.8,2053839
5/11/2021 16:00:00,453.8,486.01,452.46,481.5,2588072
5/12/2021 16:00:00,473.23,475,460.01,464.71,1778960
5/13/2021 16:00:00,470,471.32,451.04,454.98,1700799
5/14/2021 16:00:00,461.91,464.91,458.78,460.33,1789713
5/17/2021 16:00:00,459.47,459.47,448.27,454.4,1862512
5/18/2021 16:00:00,455.46,463,451,457.22,1364116
5/19/2021 16:00:00,450.25,460.72,448.27,459.76,1172145
5/20/2021 16:00:00,464.67,475.58,463.29,471.13,1286412
5/21/2021 16:00:00,473.89,478.62,468.93,469.47,1372582
5/24/2021 16:00:00,475,479.8,473.52,476.36,928880
5/25/2021 16:00:00,478.75,483.7,476.37,479.9,1367515
5/26/2021 16:00:00,478.81,487.27,478.04,485.41,1542422
5/27/2021 16:00:00,480.97,482.61,472.63,479.22,1727834
5/28/2021 16:00:00,480,482.07,470.55,473.88,1895608
6/1/2021 16:00:00,477.6,477.64,467.04,469.17,1693246
6/2/2021 16:00:00,464.57,472.6,461.91,467.01,1032438
6/3/2021 16:00:00,464.31,465.18,456,459.2,973258
6/4/2021 16:00:00,460,465.31,458.72,460.65,1575455
6/7/2021 16:00:00,460.02,462.74,457,459.46,1210913
6/8/2021 16:00:00,463.97,471.1,459.42,460.76,1074368
6/9/2021 16:00:00,464.96,467.61,460.72,464.71,1027759
6/10/2021 16:00:00,485.71,490.79,479.01,489.13,3041792
6/11/2021 16:00:00,490,499.51,488,498.01,2080815
6/14/2021 16:00:00,500,511.12,498.22,509.34,1827665
6/15/2021 16:00:00,510.52,512.55,504.12,505.43,1565094
6/16/2021 16:00:00,507.7,521.5,502.15,510.08,2057614
6/17/2021 16:00:00,505.8,531,505.8,530.4,1909364
6/18/2021 16:00:00,528.82,537.72,525.28,533.74,2246156
6/21/2021 16:00:00,531.32,538,525.02,534.75,1123285
6/22/2021 16:00:00,536,547,535,546.03,1283473
6/23/2021 16:00:00,545,551,542.73,550.2,890205
6/24/2021 16:00:00,552,558.75,550.81,552.07,997235
6/25/2021 16:00:00,555.26,555.26,541.99,544.99,1511984
6/28/2021 16:00:00,548,552.71,546.75,552.17,815450
6/29/2021 16:00:00,555.24,561.89,552.53,558.59,1048830
6/30/2021 16:00:00,556.89,557.96,547.61,549.55,842319
7/1/2021 16:00:00,545,550.13,539.75,545.17,1165808
7/2/2021 16:00:00,548.25,554.74,547.2,551.83,681208
7/6/2021 16:00:00,554.29,563.79,552.19,558.49,794988
7/7/2021 16:00:00,560.9,563.26,553.07,561.78,1093683
7/8/2021 16:00:00,552.75,562.29,546.95,560.47,942234
7/9/2021 16:00:00,559.72,567.33,555.87,566.37,976625
7/12/2021 16:00:00,570,573.67,561.25,561.93,1279205
7/13/2021 16:00:00,561,566.35,555,559.33,868393
7/14/2021 16:00:00,563.96,567.3,558.78,562.94,1133811
7/15/2021 16:00:00,563.38,566.72,554.55,558.28,823599
7/16/2021 16:00:00,561.52,564.63,554.96,556.36,941000
7/19/2021 16:00:00,551.74,555.39,545,555.09,1108368
7/20/2021 16:00:00,560,569.16,554.61,565.25,870645
7/21/2021 16:00:00,562.49,567.13,558.54,567.13,754354
7/22/2021 16:00:00,572.08,579.4,570.45,576.7,938684
7/23/2021 16:00:00,580,588.48,577.82,586.18,890909
7/26/2021 16:00:00,584.8,584.85,575.01,584.2,1044150
7/27/2021 16:00:00,584,586.87,574.67,582.29,1462372
7/28/2021 16:00:00,582,587,576.01,583.35,1229170
7/29/2021 16:00:00,584.6,608.78,584.6,586.43,2539614
7/30/2021 16:00:00,579.71,595.89,575.94,587.89,1566223
8/2/2021 16:00:00,587.89,591.72,579.01,584.67,901287
8/3/2021 16:00:00,584.89,590.81,577.34,584.66,804883
8/4/2021 16:00:00,585,594.69,583.17,593.47,769733
8/5/2021 16:00:00,595,597,589.38,595.5,476191
8/6/2021 16:00:00,594,595.6,589.43,590.68,709248
8/9/2021 16:00:00,589.95,592.3,585.3,587.96,800932
8/10/2021 16:00:00,588,589.44,572.78,575.8,829638
8/11/2021 16:00:00,578.44,581.14,566.59,570.2,908220
8/12/2021 16:00:00,569.27,581.99,566.99,581.57,866644
8/13/2021 16:00:00,579.04,587.98,577.54,587.83,638884
8/16/2021 16:00:00,586,591.68,576.32,580.22,815780
8/17/2021 16:00:00,579.45,584.1,574.38,582.24,709843
8/18/2021 16:00:00,580.47,588.6,578.48,581.95,741882
8/19/2021 16:00:00,579.5,591.3,577.75,586.92,768344
8/20/2021 16:00:00,591.05,601.41,588.57,600.52,1003469
8/23/2021 16:00:00,602,621,602,619.43,1576583
8/24/2021 16:00:00,620,626.53,620,621.85,1016363
8/25/2021 16:00:00,623,627.77,616.66,621.07,909747
8/26/2021 16:00:00,622.62,630.23,621.1,624.03,1096318
8/27/2021 16:00:00,625,635.62,624.04,632.4,821211
8/30/2021 16:00:00,634,643.28,633.49,641.65,797586
8/31/2021 16:00:00,645,647.7,639.56,643.64,1246682
9/1/2021 16:00:00,643.6,652.56,642.5,650.85,936812
9/2/2021 16:00:00,654,661.78,652.39,660.31,1354289
9/3/2021 16:00:00,660,681.1,659.05,678.63,1145953
9/7/2021 16:00:00,678.63,679,660.21,661.09,1515942
9/8/2021 16:00:00,660.31,660.31,650.63,653.8,1112973
9/9/2021 16:00:00,655.78,656.37,649,650.19,802363
9/10/2021 16:00:00,653.11,655.76,646.74,647.98,754323
9/13/2021 16:00:00,649,649.08,630.67,639.08,1262255
9/14/2021 16:00:00,641.99,648.54,640.59,645.42,749422
9/15/2021 16:00:00,644.09,654.12,637.67,652.15,803477
9/16/2021 16:00:00,650.3,657.12,644.68,656.35,622316
9/17/2021 16:00:00,653.39,657.46,648.26,651.03,1298242
9/20/2021 16:00:00,644.36,650.58,640.12,648.73,957779
9/21/2021 16:00:00,650,657.18,645.63,654.2,755242
9/22/2021 16:00:00,658,665.5,650.68,662.65,816308
9/23/2021 16:00:00,668,670.49,663.01,664.22,871500
9/24/2021 16:00:00,662.1,667,655,666.31,499785
9/27/2021 16:00:00,659.88,660,646.21,649.56,902490
9/28/2021 16:00:00,633.67,636.84,610,612.52,1988786
9/29/2021 16:00:00,620,623.84,607.18,618.02,1228611
9/30/2021 16:00:00,620.2,626.99,618.24,622.27,948585
10/1/2021 16:00:00,623.78,635.41,614.33,632.8,1048938
10/4/2021 16:00:00,635.4,638.05,609.47,617.97,1173798
10/5/2021 16:00:00,622.47,639.54,622,633.42,1066290
10/6/2021 16:00:00,627.34,635.76,621.4,629.36,1038268
10/7/2021 16:00:00,636.43,648.36,635.43,637.92,1021742
10/8/2021 16:00:00,640,643.66,616.92,617.58,1715776
10/11/2021 16:00:00,618.02,627.31,612.14,615.85,915078
10/12/2021 16:00:00,622.36,633,620.24,629.13,796209
10/13/2021 16:00:00,630,641.08,630,639.41,1110913
10/14/2021 16:00:00,650,662.76,648.6,653.03,1326200
10/15/2021 16:00:00,656.86,665.61,654.9,663.18,919293
10/18/2021 16:00:00,663.5,666.3,657.33,666.22,1134659
10/19/2021 16:00:00,672.4,687.69,672.29,680.25,1472708
10/20/2021 16:00:00,684.23,686.73,671.18,681.11,872444
10/21/2021 16:00:00,680,687.29,676.87,686.34,649648
10/22/2021 16:00:00,686,692.97,683.42,686.65,928553
10/25/2021 16:00:00,686.65,693.47,684.5,688.85,586155
10/26/2021 16:00:00,692.69,693,675.55,676.71,1108468
10/27/2021 16:00:00,675.7,684.83,663.61,664.76,1500548
10/28/2021 16:00:00,671.51,694,671.3,687.7,2113600
10/29/2021 16:00:00,686.35,698.43,682.15,697.76,1107088
11/1/2021 16:00:00,700,704.82,676.66,681.98,1163611
11/2/2021 16:00:00,685.99,687.5,680.5,686.59,682582
11/3/2021 16:00:00,689.1,689.1,672.22,687.67,662525
11/4/2021 16:00:00,690,707.6,689.14,701.73,833462
11/5/2021 16:00:00,702,702.74,686.9,692.01,596133
11/8/2021 16:00:00,693.72,696.59,689.15,692.28,798179
11/9/2021 16:00:00,695.31,697.28,685.6,691.27,499804
11/10/2021 16:00:00,686.79,687.93,663.82,670.91,1279753
11/11/2021 16:00:00,679.69,681.34,673.89,679.25,1015246
11/12/2021 16:00:00,685,691.74,681.44,691.4,991938
11/15/2021 16:00:00,689.46,689.9,678.71,682.57,812089
11/16/2021 16:00:00,684.99,692.56,682.11,692.55,926651
11/17/2021 16:00:00,694.33,695.61,683.9,684.93,691704
11/18/2021 16:00:00,682.47,684.56,674.14,675.84,751903
11/19/2021 16:00:00,680.31,687.26,674.18,675.97,1051395
11/22/2021 16:00:00,675.71,683.96,651.36,656.38,1194275
11/23/2021 16:00:00,650,654.43,627.41,636.91,1844702
11/24/2021 16:00:00,629.96,649.42,624.14,649.31,837085
11/26/2021 13:00:00,644.52,661.07,644.52,649.55,729456
11/29/2021 16:00:00,659.63,676.5,651.11,672.82,1081651
11/30/2021 16:00:00,674.63,679.62,642.65,647.7,2146429
12/1/2021 16:00:00,650.36,657.96,599.34,599.57,2318878
12/2/2021 16:00:00,599.57,625.8,598.64,623.37,1460152
12/3/2021 16:00:00,627.69,628.76,593.16,613.11,1854841
12/6/2021 16:00:00,601.58,619.66,594.05,616.54,1440418
12/7/2021 16:00:00,630.99,668.16,630,663.39,1849957
12/8/2021 16:00:00,660,672.97,651.05,665.81,930254
12/9/2021 16:00:00,666,669.11,641.25,642.15,1089204
12/10/2021 16:00:00,647.19,658.18,640.2,647,850319
12/13/2021 16:00:00,644.65,661.17,642.67,655.94,999460
12/14/2021 16:00:00,642.09,646.9,607.19,624.69,1659695
12/15/2021 16:00:00,626.66,648.07,624.58,647.04,1581464
12/16/2021 16:00:00,639.39,643.8,606.69,608.98,1588267
12/17/2021 16:00:00,596.7,620.65,587.02,615.63,3418685
12/20/2021 16:00:00,605,614.06,601.22,605.37,996661
12/21/2021 16:00:00,612.5,635.34,605,631.32,1129227
12/22/2021 16:00:00,631.46,648.89,625.6,643.93,1010707
12/23/2021 16:00:00,645.96,651.69,641.03,648.57,664722
12/27/2021 16:00:00,655.98,664.95,651.97,663.28,681109
12/28/2021 16:00:00,667.64,667.64,653,654,482349
12/29/2021 16:00:00,655.18,658.86,646.02,654.58,441753
12/30/2021 16:00:00,656.2,663.17,653.84,654.54,491102
12/31/2021 16:00:00,652.02,658.59,648.87,649.11,464627
1/3/2022 16:00:00,648.16,651.41,625.42,630.14,1044277
1/4/2022 16:00:00,628.39,628.82,576.97,603.94,2980554
1/5/2022 16:00:00,589,607.5,571.48,572.76,2096051
1/6/2022 16:00:00,567.4,589.45,555,574.04,1674549
1/7/2022 16:00:00,570.69,585.58,558.33,566.39,1190492
1/10/2022 16:00:00,550.1,573.1,535.81,572,1967588
1/11/2022 16:00:00,569.88,580.24,561.75,578.44,1339971
1/12/2022 16:00:00,587.32,591.52,569.62,573.39,1717397
1/13/2022 16:00:00,575.02,575.84,520,521.26,3904866
1/14/2022 16:00:00,521.26,538.54,514.66,531.02,3237681
1/18/2022 16:00:00,524.7,544.46,517.59,522.34,2386714
1/19/2022 16:00:00,525.42,543.73,520.64,521.29,2570512
1/20/2022 16:00:00,532.21,542.8,513.72,515,1885627
1/21/2022 16:00:00,510,528.88,507.13,507.74,2605561
1/24/2022 16:00:00,500.29,527.62,484.43,525.84,3420782
1/25/2022 16:00:00,515.45,517.6,484.44,495.08,2878747
1/26/2022 16:00:00,514.28,520.99,479.35,484.42,3475287
1/27/2022 16:00:00,553.53,556.99,518.14,528.69,5507900
1/28/2022 16:00:00,528.69,563.5,507.8,561.08,3807844
1/31/2022 16:00:00,567.27,588.4,564.96,585.78,2654068
2/1/2022 16:00:00,584.9,590.71,576.96,586.54,1841720
2/2/2022 16:00:00,594.85,594.85,573.08,581.15,1313176
2/3/2022 16:00:00,568.21,582.04,559.3,560.85,1355765
2/4/2022 16:00:00,559.99,587.37,554.78,577.52,1250581
2/7/2022 16:00:00,577.99,588.44,570.47,573.2,988490
2/8/2022 16:00:00,564.2,592,563.97,591.27,1396634
2/9/2022 16:00:00,598.85,614.33,598,613.97,1665573
2/10/2022 16:00:00,600.47,621.41,599.96,610.46,1981306
2/11/2022 16:00:00,603.45,610,577.62,583.72,2139995
2/14/2022 16:00:00,578.87,589.33,574.18,579.58,1240003
2/15/2022 16:00:00,587.81,593.88,581.22,591.66,986973
2/16/2022 16:00:00,585.84,593.03,576.48,590.89,1100377
2/17/2022 16:00:00,584.08,587.16,564.59,565.75,1069293
2/18/2022 16:00:00,565.96,569,551.52,556.01,1276726
2/22/2022 16:00:00,544.07,561.95,539.4,550.15,1161987
2/23/2022 16:00:00,550.15,553.42,522.66,524.7,1863900
2/24/2022 16:00:00,508.25,575.97,502.46,573.95,2367641
2/25/2022 16:00:00,568.96,580.3,564.05,580.23,1053892
2/28/2022 16:00:00,578.2,585.54,570.92,579.92,1496138
3/1/2022 16:00:00,583.82,599.58,566.79,571.07,1588538
3/2/2022 16:00:00,578.32,590.76,560.02,587.06,1090205
3/3/2022 16:00:00,592.02,593.33,556.7,562.31,1468550
3/4/2022 16:00:00,555.49,569.1,542.41,547.07,1387427
3/7/2022 16:00:00,553.37,563.1,518.68,519.62,2145621
3/8/2022 16:00:00,510,535.9,504.46,518.2,1479497
3/9/2022 16:00:00,536.46,565.78,533.11,559.58,1647707
3/10/2022 16:00:00,548.58,551.92,530.92,533.59,1764264
3/11/2022 16:00:00,542.64,544.55,511.36,512.15,1228906
3/14/2022 16:00:00,514.96,526.32,492.05,495.1,1637639
3/15/2022 16:00:00,500.18,517.6,491.31,514.22,1331697
3/16/2022 16:00:00,528.51,548.76,517.39,547.4,1825405
3/17/2022 16:00:00,540.38,567.97,540.38,566.68,1284833
3/18/2022 16:00:00,577.6,583.86,566.75,579.88,2308495
3/21/2022 16:00:00,575,580.61,555.37,569.8,1416280
3/22/2022 16:00:00,570.71,597.74,570.1,588.66,1350976
3/23/2022 16:00:00,573.64,579.83,562.47,567.96,1112945
3/24/2022 16:00:00,570,582.73,562.31,581.09,985462
3/25/2022 16:00:00,581.04,583.61,556.8,561.87,1357179
3/28/2022 16:00:00,567.33,583.88,561.98,582.76,1306285
3/29/2022 16:00:00,590.22,601.62,577.64,597.75,1317986
3/30/2022 16:00:00,590.12,591.05,570.72,573.99,1514787
3/31/2022 16:00:00,573.99,576.99,556.39,556.89,2039417
4/1/2022 16:00:00,556.1,561.52,544.03,548.69,1931797
4/4/2022 16:00:00,548,575.81,546.52,574.82,1532852
4/5/2022 16:00:00,570,571.48,550.79,553.22,1155680
4/6/2022 16:00:00,542.82,542.82,519.68,527.95,1625003
4/7/2022 16:00:00,525.63,541.9,519.94,529.78,1155486
4/8/2022 16:00:00,525,529.38,514.22,515.6,1240991
4/11/2022 16:00:00,507.87,519.77,499.57,511.42,1422795
4/12/2022 16:00:00,522.59,534.13,508.95,510.21,1724472
4/13/2022 16:00:00,514.07,529.62,510.81,526.07,1389326
4/14/2022 16:00:00,524.9,525.91,506.72,507.33,1209007
4/18/2022 16:00:00,506.67,506.67,493.4,497.53,1309909
4/19/2022 16:00:00,498.78,520.72,492.07,514.4,1509477
4/20/2022 16:00:00,520.36,522.1,502.98,505.22,1189508
4/21/2022 16:00:00,511.55,521.69,488.84,491.67,1414316
4/22/2022 16:00:00,493.45,497.73,469.1,471.4,1761049
4/25/2022 16:00:00,464.75,477.38,464.26,472.27,1815136
4/26/2022 16:00:00,471.92,472.16,453.92,456,1894199
4/27/2022 16:00:00,462.74,474.41,459.43,466.29,2680149
4/28/2022 16:00:00,508,514,484.76,504.02,3764068
4/29/2022 16:00:00,489.18,508.99,477.08,478.1,1455412
5/2/2022 16:00:00,474.69,485.31,469.02,484.5,1411165
5/3/2022 16:00:00,481.98,488.39,469.62,481.86,1304904
5/4/2022 16:00:00,485.24,501.11,460.09,499.46,1849484
5/5/2022 16:00:00,494.89,495.48,461.98,469.33,1917855
5/6/2022 16:00:00,462.56,468.47,438.12,456.74,1965453
5/9/2022 16:00:00,443,450.31,422.61,425.87,2847874
5/10/2022 16:00:00,441,444.41,416.56,432.32,1895744
5/11/2022 16:00:00,426.17,447.98,418.71,420.36,1894686
5/12/2022 16:00:00,418.59,443.11,406.47,432.94,2701939
5/13/2022 16:00:00,437.74,459.69,436.34,452.65,2093565
5/16/2022 16:00:00,446.25,451.79,430.78,432.93,1662914
5/17/2022 16:00:00,445.92,451.48,417.06,432.85,2137645
5/18/2022 16:00:00,428.5,434.62,408.22,412.25,1778719
5/19/2022 16:00:00,414.48,435.72,410.32,426.76,2044653
5/20/2022 16:00:00,437.67,446.68,419.87,433.03,1725536
5/23/2022 16:00:00,430.92,438.93,424.31,430.12,1952675
5/24/2022 16:00:00,426.5,430.11,411.04,419.65,1732501
5/25/2022 16:00:00,423.45,457.6,421.87,452.29,3258390
5/26/2022 16:00:00,450.14,460.75,444,454.87,1789861
5/27/2022 16:00:00,463.19,479.97,462.89,476.29,1950368
5/31/2022 16:00:00,472.05,476.38,462.65,467.47,2411942
6/1/2022 16:00:00,491.04,496.98,470.73,475.13,1669890
6/2/2022 16:00:00,469.66,510.73,469.66,504.8,2004798
6/3/2022 16:00:00,495.84,505.66,484.7,492.48,1128950
6/6/2022 16:00:00,497.02,501.01,487.4,492.54,944318
6/7/2022 16:00:00,487.7,510.45,485.2,506.43,1296954
6/8/2022 16:00:00,501.92,509.36,500.53,505.42,1115605
6/9/2022 16:00:00,500.63,507.78,491.94,492.22,953633
6/10/2022 16:00:00,482.73,487.9,468.8,473.15,1243716
6/13/2022 16:00:00,450,458.85,439,440.37,1493445
6/14/2022 16:00:00,441.9,451.52,437.87,444.75,1078834
6/15/2022 16:00:00,449.52,475.46,449.07,465.95,1950860
6/16/2022 16:00:00,447.69,455.62,424.17,428.08,3031024
6/17/2022 16:00:00,430.13,451.05,429.03,443.79,2362357
6/21/2022 16:00:00,449.86,461.54,449.85,455.27,1136334
6/22/2022 16:00:00,450.21,466.1,448.33,458.65,984056
6/23/2022 16:00:00,466.29,486.75,466.29,485.53,1439370
6/24/2022 16:00:00,495.16,506.38,493.99,504.09,1700408
6/27/2022 16:00:00,506.37,509.7,489.23,496.7,1127257
6/28/2022 16:00:00,496.7,500.26,471.02,473.44,1254946
6/29/2022 16:00:00,473.61,483.46,467.5,477.79,978538
6/30/2022 16:00:00,472.74,479.92,459.64,475.52,1774103
7/1/2022 16:00:00,474.93,485.45,469.09,484.36,1505791
7/5/2022 16:00:00,480.21,497.5,474.01,495.93,1464589
7/6/2022 16:00:00,500.37,506.45,487.9,493.31,1053491
7/7/2022 16:00:00,490.17,501.91,490.17,497.05,1251913
7/8/2022 16:00:00,489.28,499.42,485.83,494.15,1486168
7/11/2022 16:00:00,488.97,495.54,480.6,490.4,961511
7/12/2022 16:00:00,461.25,466.73,424.79,427.94,6864274
7/13/2022 16:00:00,416.01,434.71,411.66,422.77,3186392
7/14/2022 16:00:00,416.5,430.43,407.5,420.97,2165384
7/15/2022 16:00:00,431.35,440.76,427.59,435.62,2157563
7/18/2022 16:00:00,437.59,442.48,426.01,426.74,1811380
7/19/2022 16:00:00,432.22,436.91,420.26,435.94,1422754
7/20/2022 16:00:00,442.9,458.29,440.99,456.85,1463591
7/21/2022 16:00:00,449.4,460.83,440.01,460.29,2047912
7/22/2022 16:00:00,460.61,465.88,443.84,446.77,1251314
7/25/2022 16:00:00,445.43,445.69,436.66,440,1031265
7/26/2022 16:00:00,443.6,443.6,417.78,422.82,1834545
7/27/2022 16:00:00,432.05,450.13,428.63,448.6,2255191
7/28/2022 16:00:00,431.23,446.31,423.69,436.5,3914218
7/29/2022 16:00:00,429.23,448.77,426.43,446.66,2019631
8/1/2022 16:00:00,438.99,455.57,435.7,453.77,1729602
8/2/2022 16:00:00,444.66,461.07,442.25,454.44,1113038
8/3/2022 16:00:00,460.75,472.91,457.16,471.45,1400662
8/4/2022 16:00:00,467.79,495.48,463.63,493,3326471
8/5/2022 16:00:00,478.08,503.27,475.26,494.85,2977871
8/8/2022 16:00:00,495.1,503.48,491.99,494.95,1636973
8/9/2022 16:00:00,492.28,497.77,483.49,487.46,983444
8/10/2022 16:00:00,501.96,516.62,500.98,516.2,1831933
8/11/2022 16:00:00,520,521.58,497.42,499.45,1481819
8/12/2022 16:00:00,504.44,508,492.99,506.51,1662233
8/15/2022 16:00:00,502,511,498.56,504.07,992996
8/16/2022 16:00:00,499,500.4,491.55,496.74,1432545
8/17/2022 16:00:00,489,493.66,485.48,488.76,875368
8/18/2022 16:00:00,486.36,490.46,480.22,489.6,981681
8/19/2022 16:00:00,484.17,484.69,473.32,476.26,981608
8/22/2022 16:00:00,466.57,469.24,455.77,459.71,1019378
8/23/2022 16:00:00,459.99,464.07,456.38,459.99,790240
8/24/2022 16:00:00,460.29,463.42,455.16,457.52,835272
8/25/2022 16:00:00,456.4,466.33,453.3,466.03,1056704
8/26/2022 16:00:00,467.29,467.5,444.67,444.69,897958
8/29/2022 16:00:00,440,447.58,435.51,435.78,859966
8/30/2022 16:00:00,442.5,444.08,429.51,436.84,960684
8/31/2022 16:00:00,440,446,433.84,434.62,1396033
9/1/2022 16:00:00,429.81,431.7,416.68,430.56,1579490
9/2/2022 16:00:00,438.37,447.49,431.28,434.51,1557781
9/6/2022 16:00:00,430.11,437.76,424.35,430.47,959753
9/7/2022 16:00:00,430.99,446.39,430.2,444.16,881810
9/8/2022 16:00:00,439.04,453.25,438.08,450.77,1211358
9/9/2022 16:00:00,458.08,471.92,457.51,470.03,1392073
9/12/2022 16:00:00,475.2,482.69,469.26,476.29,1174976
9/13/2022 16:00:00,450,458.38,449.4,452.38,1449824
9/14/2022 16:00:00,454.37,460.57,448.21,457.49,1031659
9/15/2022 16:00:00,444.92,457.81,434.21,435.55,1965107
9/16/2022 16:00:00,431.47,434.01,421.11,425.8,2138236
9/19/2022 16:00:00,422.8,426.5,418.84,425.05,885603
9/20/2022 16:00:00,421.5,421.5,411.01,411.2,1658301
9/21/2022 16:00:00,415.19,418.94,401.39,401.43,2521923
9/22/2022 16:00:00,399.87,404.46,386.7,386.97,2418050
9/23/2022 16:00:00,382.93,387.33,374.36,377.04,2212177
9/26/2022 16:00:00,376.48,382.61,367.71,370.1,2377363
9/27/2022 16:00:00,376.76,379.3,371.2,378.95,2094384
9/28/2022 16:00:00,378.44,390.39,376.42,388.85,1538755
9/29/2022 16:00:00,382.88,386.31,377.74,385.5,1497583
9/30/2022 16:00:00,385,396.08,377.18,377.61,1825698
10/3/2022 16:00:00,380.08,394.02,374.73,391.71,2327674
10/4/2022 16:00:00,402.13,413.66,400.83,411.55,1978915
10/5/2022 16:00:00,402.75,425.75,402.01,420.58,1771780
10/6/2022 16:00:00,422.12,433.39,416.54,418.43,1743557
10/7/2022 16:00:00,410,412.43,398.96,401.21,1235518
10/10/2022 16:00:00,401.39,402.21,377.15,381.78,1790313
10/11/2022 16:00:00,381.65,381.72,366.88,371.3,2042848
10/12/2022 16:00:00,372.49,376.31,365.94,369.13,1836890
10/13/2022 16:00:00,347.75,366.57,337,361.9,2740356
10/14/2022 16:00:00,366.02,366.85,340.9,341.76,3201999
10/17/2022 16:00:00,351.43,358.88,347.51,348.61,2571587
10/18/2022 16:00:00,362.34,367.47,351.05,356.79,2099360
10/19/2022 16:00:00,350.71,359.86,350.52,355.44,1384318
10/20/2022 16:00:00,356.13,366.47,351.04,356.26,1655653
10/21/2022 16:00:00,353.31,361.64,347.29,360.67,1451269
10/24/2022 16:00:00,368,370.9,359.25,366.56,1665748
10/25/2022 16:00:00,368.58,377.5,365,376.66,2132543
10/26/2022 16:00:00,353.8,382.58,351,366.41,3614985
10/27/2022 16:00:00,426.96,427.63,408.61,415.67,5625786
10/28/2022 16:00:00,416.23,421.44,403.77,420.4,3122188
10/31/2022 16:00:00,418,428.23,414.91,420.74,1898529
11/1/2022 16:00:00,427.08,430.24,416.6,418.56,1359853
11/2/2022 16:00:00,419.33,419.33,392.34,392.68,1772629
11/3/2022 16:00:00,390.62,395.62,384.86,385.56,1379118
11/4/2022 16:00:00,388.51,389.93,354.18,361.75,2838317
11/7/2022 16:00:00,365,365.08,351.25,363.2,1718398
11/8/2022 16:00:00,365,375.29,359.1,371.14,1572309
11/9/2022 16:00:00,365,368.83,361.2,361.27,1152798
11/10/2022 16:00:00,393.26,410.55,390.64,404.06,2913666
11/11/2022 16:00:00,406.99,424.46,404.72,409.91,2144263
11/14/2022 16:00:00,401.51,406.6,391.22,400.4,1558947
11/15/2022 16:00:00,414.21,425.39,414.21,419.48,1847760
11/16/2022 16:00:00,415.4,417.5,405.42,412.2,1168477
11/17/2022 16:00:00,402.85,408.77,397.85,400.58,1525593
11/18/2022 16:00:00,407.91,410,394.28,399.38,1205256
11/21/2022 16:00:00,394.2,395.97,382.5,387.38,1335186
11/22/2022 16:00:00,389.49,401.93,384.05,400.28,1375613
11/23/2022 16:00:00,399.84,410.6,396.75,409.37,1041047
11/25/2022 13:00:00,406.68,409.61,403.98,407.21,401410
11/28/2022 16:00:00,403.94,406.22,397.48,401.93,1046535
11/29/2022 16:00:00,400.87,402.17,394.68,396.85,1019629
11/30/2022 16:00:00,394.11,417.27,393.01,416.3,2088230
12/1/2022 16:00:00,416.16,431.42,414.72,425.6,1779982
12/2/2022 16:00:00,417.23,421.6,409.73,412.87,1244925
12/5/2022 16:00:00,406,409.87,385.17,392.26,1716755
12/6/2022 16:00:00,392.24,394.82,381.56,389.15,1473611
12/7/2022 16:00:00,389.27,395.8,385.05,388.52,1012277
12/8/2022 16:00:00,392.09,398.04,385.22,396.23,1032387
12/9/2022 16:00:00,394.07,403.27,393.05,393.58,838515
12/12/2022 16:00:00,395.56,407.06,394.71,401.64,1475879
12/13/2022 16:00:00,424.43,432.17,410.1,416.17,1945103
12/14/2022 16:00:00,416.51,429.23,411.55,418.39,1495707
12/15/2022 16:00:00,408.25,413.87,399.71,400.64,1162382
12/16/2022 16:00:00,399.83,404.36,392.14,394.37,1872700
12/19/2022 16:00:00,394.3,397.99,381.01,382.3,1396754
12/20/2022 16:00:00,376.5,388.37,375.82,386.47,954779
12/21/2022 16:00:00,387.13,395.36,381.15,391.91,963254
12/22/2022 16:00:00,383.97,386.77,373.65,379.94,1283062
12/23/2022 16:00:00,375,381.9,371.47,381.86,856741
12/27/2022 16:00:00,380.15,383.83,374.11,380.64,829088
12/28/2022 16:00:00,380.43,385.62,372.74,376.05,772170
12/29/2022 16:00:00,380.95,392.12,379.01,389.85,920479
12/30/2022 16:00:00,383.8,389.67,382.29,388.27,699340
1/3/2023 16:00:00,395.08,398.65,380.65,385.5,1088076
1/4/2023 16:00:00,390.95,397.06,384.74,393.85,1405017
1/5/2023 16:00:00,388.45,389.7,365.25,366.32,1790044
1/6/2023 16:00:00,371.59,371.59,353.62,366.53,2676728
1/9/2023 16:00:00,373.88,392.99,373.19,378.56,2087814
1/10/2023 16:00:00,374.37,383.77,374.37,380.84,1064555
1/11/2023 16:00:00,384.82,393.92,383.21,393.78,1258404
1/12/2023 16:00:00,409.83,420.84,395.85,413.26,2314011
1/13/2023 16:00:00,408.67,417.35,408.06,414.89,1118193
1/17/2023 16:00:00,415,419.42,407.95,418.24,1348730
1/18/2023 16:00:00,420.79,431.5,414.64,416.2,1726658
1/19/2023 16:00:00,416.02,434.27,415.3,428.43,2678895
1/20/2023 16:00:00,429.2,443.24,428.58,441.83,1522678
1/23/2023 16:00:00,441,450.78,436.78,442.44,1806276
1/24/2023 16:00:00,440,445.96,437,443.41,1415399
1/25/2023 16:00:00,428.74,449.29,427.28,448.77,3448080
1/26/2023 16:00:00,461.86,477.73,444.66,463.07,6350938
1/27/2023 16:00:00,457.48,467.13,451.65,458.86,2351339
1/30/2023 16:00:00,451.99,453.18,440.12,442.57,2319174
1/31/2023 16:00:00,444.52,455.39,442.31,455.13,2036167
2/1/2023 16:00:00,456.19,477.51,453.26,473.81,2261490
2/2/2023 16:00:00,484.8,494.62,479.46,491.27,2299735
2/3/2023 16:00:00,478.13,484.7,468.9,472.22,1715179
2/6/2023 16:00:00,455.51,465.17,452.75,455.22,2459724
2/7/2023 16:00:00,454.83,466.24,450.51,463.26,1342622
2/8/2023 16:00:00,464.59,472.22,460.97,463.98,1565942
2/9/2023 16:00:00,470.25,474.43,461.06,463.3,1522851
2/10/2023 16:00:00,458.61,460.99,454.37,458.36,1655672
2/13/2023 16:00:00,459.28,463.8,452.02,461.04,1178354
2/14/2023 16:00:00,456.64,469.48,455.6,461.35,977857
2/15/2023 16:00:00,458.98,464.5,456.52,463.91,1056476
2/16/2023 16:00:00,450,460.99,449.26,453.69,1150473
2/17/2023 16:00:00,450,452.97,434.39,439.01,1964080
2/21/2023 16:00:00,431.82,437.1,428.55,431.86,1098722
2/22/2023 16:00:00,437.65,447.07,435.29,439.84,1237335
2/23/2023 16:00:00,440.41,442.78,433.78,441.71,946777
2/24/2023 16:00:00,432.32,434.58,423.76,425.59,1086006
2/27/2023 16:00:00,431.24,437.64,427.66,428.57,1482052
2/28/2023 16:00:00,425.66,434.22,425.66,432.17,1468830
3/1/2023 16:00:00,431.94,435.42,426.04,428.94,917461
3/2/2023 16:00:00,428.71,436.42,425.58,436.04,1156728
3/3/2023 16:00:00,439.82,445.38,439.13,443.98,991528
3/6/2023 16:00:00,445.5,454.89,444.37,446.02,1094103
3/7/2023 16:00:00,445.6,454.54,443.76,444.81,1215196
3/8/2023 16:00:00,444.33,450.52,441.5,446.97,817792
3/9/2023 16:00:00,444.23,450.8,428.09,428.5,1469350
3/10/2023 16:00:00,428,429.23,409.31,415.08,1884198
3/13/2023 16:00:00,412.95,425.93,405.37,414.93,1684725
3/14/2023 16:00:00,422.8,425.98,416.93,424.54,1136423
3/15/2023 16:00:00,418.72,422.67,414.8,422.26,1186814
3/16/2023 16:00:00,422.84,442.9,421.5,442.39,2075107
3/17/2023 16:00:00,443.65,443.66,434.6,441,2917494
3/20/2023 16:00:00,438.04,439.49,425.85,435.15,1379119
3/21/2023 16:00:00,436.1,447.87,436.1,445.46,1282051
3/22/2023 16:00:00,447.18,448.76,433.47,433.51,931550
3/23/2023 16:00:00,440.47,451.97,437.67,440.47,1165451
3/24/2023 16:00:00,438.83,439.22,427.11,432.9,922868
3/27/2023 16:00:00,433.5,437.74,430.13,431.31,935255
3/28/2023 16:00:00,429.02,431.91,427.01,429.08,1089117
3/29/2023 16:00:00,433.55,438.99,431.29,438.44,1304536
3/30/2023 16:00:00,443.54,443.84,438.08,439.63,1078797
3/31/2023 16:00:00,443.1,465.41,441.62,464.72,2454005
4/3/2023 16:00:00,461.53,465.89,457.41,464.49,1358561
4/4/2023 16:00:00,475.44,482.33,472.38,476.05,2247230
4/5/2023 16:00:00,475.75,476,460.29,467.33,1345811
4/6/2023 16:00:00,463.95,473.65,457.46,473.13,1691546
4/10/2023 16:00:00,466.15,473.03,456.38,472.64,1242760
4/11/2023 16:00:00,466.01,473.89,464.33,469.82,977903
4/12/2023 16:00:00,474.59,480.83,469.48,471.43,1622495
4/13/2023 16:00:00,475.32,485.58,472.95,483.5,1600195
4/14/2023 16:00:00,466.78,469.82,454.69,463.03,3075216
4/17/2023 16:00:00,465.01,471.69,463.57,470.55,1070931
4/18/2023 16:00:00,478.13,478.13,470.01,475.99,1181166
4/19/2023 16:00:00,475,478.35,473.17,475.59,1018571
4/20/2023 16:00:00,473.32,473.78,465.4,467.69,1038705
4/21/2023 16:00:00,470.19,474.16,465.11,473.31,1092083
4/24/2023 16:00:00,474,476.6,465.25,473,1223655
4/25/2023 16:00:00,466.75,468.25,441.98,442.28,2058579
4/26/2023 16:00:00,450,454.5,445.88,454.03,2891124
4/27/2023 16:00:00,440.23,458.65,427.68,454.34,4855322
4/28/2023 16:00:00,454.24,461.68,449.2,459.42,2360323
5/1/2023 16:00:00,456.31,456.31,449.3,450.41,1424271
5/2/2023 16:00:00,450.53,451,439.39,443.68,1284314
5/3/2023 16:00:00,443.53,446.9,436.45,437.08,1192000
5/4/2023 16:00:00,439.06,442.54,428.97,430.51,1658810
5/5/2023 16:00:00,433,439.67,431.55,434.8,1302807
5/8/2023 16:00:00,436.9,439.57,429.05,438.99,1446644
5/9/2023 16:00:00,437.22,445.84,435.07,441.39,1171646
5/10/2023 16:00:00,449.18,459.99,446.25,454.14,1537752
5/11/2023 16:00:00,453.99,455.46,447.45,452.57,2018807
5/12/2023 16:00:00,453,457.47,446.65,455.2,1221260
5/15/2023 16:00:00,453.3,464.65,452.24,463.14,1501227
5/16/2023 16:00:00,462.9,478,461.77,468.24,1628499
5/17/2023 16:00:00,479.49,494.94,477.16,492.92,3217594
5/18/2023 16:00:00,500,512.61,495.82,510.17,2860078
5/19/2023 16:00:00,510,511.73,502.75,510.3,1702249
5/22/2023 16:00:00,506.6,517.09,506.17,511.39,1360939
5/23/2023 16:00:00,507.5,511.78,499.85,500.14,1124140
5/24/2023 16:00:00,496.72,506.26,494.13,502.55,1098990
5/25/2023 16:00:00,523.29,539.8,517.8,531.78,3163304
5/26/2023 16:00:00,534.64,549.56,531.81,537.46,2134611
5/30/2023 16:00:00,548,556.58,544.37,549.12,1937338
5/31/2023 16:00:00,539.33,548.26,533.79,544.78,2385776
6/1/2023 16:00:00,534.8,550.62,532.02,542.96,1479807
6/2/2023 16:00:00,546,554.44,541.28,548.18,1278199
6/5/2023 16:00:00,548.08,559.86,542.37,556.71,1316189
6/6/2023 16:00:00,556.5,563.63,555.18,555.8,1388164
6/7/2023 16:00:00,555.55,557.82,527.24,528.32,2406593
6/8/2023 16:00:00,529.59,541.45,526.11,535.34,1458708
6/9/2023 16:00:00,538.24,545,531.54,534.03,1370013
6/12/2023 16:00:00,539.02,546.9,532.13,546.35,1295900
6/13/2023 16:00:00,556,559.59,549.27,554.72,1345402
6/14/2023 16:00:00,554.95,567.98,554,567.31,1283655
6/15/2023 16:00:00,563.05,576.68,562.11,574.37,1319142
6/16/2023 16:00:00,574.37,574.65,564.95,565.48,2088553
6/20/2023 16:00:00,558.3,569.63,555.44,559.49,1118747
6/21/2023 16:00:00,557.79,559.65,545.59,546.8,1129228
6/22/2023 16:00:00,543.22,550.23,539.01,549.87,1238191
6/23/2023 16:00:00,541.23,551.64,536.88,542.99,1368519
6/26/2023 16:00:00,541.33,551.13,536.64,537.97,966567
6/27/2023 16:00:00,541.14,545.08,535.01,539.96,854083
6/28/2023 16:00:00,538.93,549.18,537.3,548.67,961152
6/29/2023 16:00:00,549.97,550.74,542.68,548.08,710327
6/30/2023 16:00:00,555.79,566.63,554.03,561.97,1325890
7/3/2023 13:00:00,560.85,564.56,555.94,562.87,473358
7/5/2023 16:00:00,556.4,567.23,556.16,565.76,1116204
7/6/2023 16:00:00,557,560.53,548.43,555.83,1019347
7/7/2023 16:00:00,555.28,563.3,552.78,552.98,856061
7/10/2023 16:00:00,553,565.85,553,565.6,1177132
7/11/2023 16:00:00,567.21,571.27,557.54,561.44,1134340
7/12/2023 16:00:00,570.86,570.86,557.24,561.34,1168175
7/13/2023 16:00:00,566.62,579.44,565,577.45,1314148
7/14/2023 16:00:00,577,584.26,576,580.38,916484
7/17/2023 16:00:00,582.67,594.99,582,592.38,1043388
7/18/2023 16:00:00,589.81,602,583.92,597.13,1264021
7/19/2023 16:00:00,610.9,614.36,599.54,603.25,1737171
7/20/2023 16:00:00,597.62,600.88,575.78,578.88,1551161
7/21/2023 16:00:00,590.65,593.01,581,582.02,810005
7/24/2023 16:00:00,586.5,587.22,576.05,578.04,975518
7/25/2023 16:00:00,579,587.64,579,582.38,1079092
7/26/2023 16:00:00,573.92,585.09,571.21,577.27,1825096
7/27/2023 16:00:00,598,600.66,556.71,559.89,3074358
7/28/2023 16:00:00,567.54,569.68,559.37,569.54,2042877
7/31/2023 16:00:00,573.82,583.65,573,583,1670772
8/1/2023 16:00:00,578.24,591.5,575.21,590.39,1104895
8/2/2023 16:00:00,579.89,582.86,561.05,563.17,1746530
8/3/2023 16:00:00,557.97,562.51,556,560.4,864238
8/4/2023 16:00:00,564.4,564.98,550.01,551.63,1634501
8/7/2023 16:00:00,555.36,556.91,549.06,554.89,1227226
8/8/2023 16:00:00,546.99,553.76,541.75,552.83,1085193
8/9/2023 16:00:00,551.52,555,545.1,550.33,939373
8/10/2023 16:00:00,557.83,566.07,550.14,555,1129564
8/11/2023 16:00:00,550.77,558.57,550.01,557.44,801882
8/14/2023 16:00:00,551.93,566.75,550.76,566.21,771114
8/15/2023 16:00:00,567.49,573.98,558.47,559.6,830659
8/16/2023 16:00:00,557,560.98,548.27,549.5,989324
8/17/2023 16:00:00,550.45,552.05,540.71,543.64,990269
8/18/2023 16:00:00,533.96,543.4,532.54,541.5,837792
8/21/2023 16:00:00,542.86,555.31,542.55,554.7,847526
8/22/2023 16:00:00,559.62,564.25,556.3,561.82,889755
8/23/2023 16:00:00,564.47,576.97,562,568,1138026
8/24/2023 16:00:00,574.6,575.87,549.47,549.54,911391
8/25/2023 16:00:00,554.44,567.07,551.4,563.65,680414
8/28/2023 16:00:00,566.62,572,562.34,568.31,588109
8/29/2023 16:00:00,565.16,580.9,563,578.87,784209
8/30/2023 16:00:00,578.42,588.7,576.56,588.24,855742
8/31/2023 16:00:00,590,596.46,584.51,588.83,1331385
9/1/2023 16:00:00,593.51,596.62,587.5,590.88,726795
9/5/2023 16:00:00,590.88,599.63,584.5,597.16,718490
9/6/2023 16:00:00,593.14,599.38,591.61,598.51,668953
9/7/2023 16:00:00,591.27,601.47,589.36,599.32,1040009
9/8/2023 16:00:00,600,604.58,597.1,600.07,728857
9/11/2023 16:00:00,603.5,607.9,600.79,605.94,960486
9/12/2023 16:00:00,598,603.51,588.69,588.84,929496
9/13/2023 16:00:00,586.05,592.84,583.55,591.38,638761
9/14/2023 16:00:00,593.45,594.98,585.42,590.11,668164
9/15/2023 16:00:00,588.58,589.3,576.5,579.58,1710387
9/18/2023 16:00:00,577.24,584.4,576.67,578.51,661051
9/19/2023 16:00:00,579.35,579.35,566.55,572.33,829677
9/20/2023 16:00:00,575,583.44,569.77,570.55,777096
9/21/2023 16:00:00,563.12,564.9,549.02,549.53,1071373
9/22/2023 16:00:00,551.78,558.92,550.61,554.09,1107297
9/25/2023 16:00:00,552.62,559.64,551.3,559.48,801469
9/26/2023 16:00:00,553.56,554.75,538.63,544.63,1509371
9/27/2023 16:00:00,549.56,551.78,540.4,546.38,1016247
9/28/2023 16:00:00,534.01,556.15,528,553.52,1158074
9/29/2023 16:00:00,560.87,566.17,558.51,558.96,1337197
10/2/2023 16:00:00,554.75,560.17,549.79,555.23,993975
10/3/2023 16:00:00,552,556.35,536.91,541.24,1372150
10/4/2023 16:00:00,544.58,550.57,541.64,548.64,705138
10/5/2023 16:00:00,544.83,548.51,536.05,547.17,662929
10/6/2023 16:00:00,542.89,565.58,539.02,560.72,1181670
10/9/2023 16:00:00,554.89,565.65,553.45,564.43,808197
10/10/2023 16:00:00,556.06,564.68,547,558.3,1408259
10/11/2023 16:00:00,560,565.2,551.64,558.67,878842
10/12/2023 16:00:00,560.76,569.89,554.5,560.15,824624
10/13/2023 16:00:00,558.76,563.79,549.06,549.66,777471
10/16/2023 16:00:00,549.66,557.7,546.5,551.63,831548
10/17/2023 16:00:00,549.66,574.25,548.8,568.47,1397296
10/18/2023 16:00:00,562.8,568,549.86,550.68,872252
10/19/2023 16:00:00,558.44,568.41,556.63,559.98,1073089
10/20/2023 16:00:00,556.6,557.42,536.17,542.51,1418591
10/23/2023 16:00:00,537,545.34,530.54,541.38,943120
10/24/2023 16:00:00,545.71,556.94,544.26,554.39,1327124
10/25/2023 16:00:00,549.37,552.1,527.24,530.17,2008904
10/26/2023 16:00:00,560,579,548.86,550.95,3547953
10/27/2023 16:00:00,556.46,564,548.44,554.01,1755767
10/30/2023 16:00:00,559.6,572.17,558.09,568.54,1448163
10/31/2023 16:00:00,570.87,584.84,564.9,581.85,1615484
11/1/2023 16:00:00,581,595.09,580.44,593.48,1769422
11/2/2023 16:00:00,601.21,610.87,598.4,599.43,1758388
11/3/2023 16:00:00,600.58,611.79,592.48,606.76,1478424
11/6/2023 16:00:00,608.5,610.98,602.45,609.25,884923
11/7/2023 16:00:00,610.38,625.87,610.38,613.91,1657869
11/8/2023 16:00:00,616.08,626.19,616,625.33,1702336
11/9/2023 16:00:00,625.1,632.49,619.32,619.76,1215209
11/10/2023 16:00:00,619.76,636.43,615.54,634.76,1023834
11/13/2023 16:00:00,633.78,639.76,632.25,638.41,996675
11/14/2023 16:00:00,647.48,656.84,646.5,654.17,1351211
11/15/2023 16:00:00,654.47,659.94,648.97,650.9,1233464
11/16/2023 16:00:00,650,656.8,648.03,652.28,1047658
11/17/2023 16:00:00,651.95,654.68,648.29,654.36,792869
11/20/2023 16:00:00,654,668.54,652.59,666.92,1079864
11/21/2023 16:00:00,664.76,670.64,661.51,668.4,926370
11/22/2023 16:00:00,672.68,678.03,667.28,669.66,888291
11/24/2023 13:00:00,670.53,674.47,668.8,673.9,450013
11/27/2023 16:00:00,672,677.61,669.57,670.55,1010001
11/28/2023 16:00:00,667.63,672.6,661.39,665.24,1520611
11/29/2023 16:00:00,671,682.29,671,678.93,1465302
11/30/2023 16:00:00,682,688.89,678.82,685.74,1832999
12/1/2023 16:00:00,685.45,694.77,683.28,690.79,1453346
12/4/2023 16:00:00,684,693.99,680.71,687.62,1166075
12/5/2023 16:00:00,679.43,689.64,677.24,688.22,914962
12/6/2023 16:00:00,690,695.39,685.73,686.23,800956
12/7/2023 16:00:00,685.6,689.25,680.3,687.68,651337
12/8/2023 16:00:00,689.45,701.11,688.56,699.08,1083831
12/11/2023 16:00:00,699.11,708.87,698.2,705.12,1058693
12/12/2023 16:00:00,705.12,717.87,704.48,716.48,903652
12/13/2023 16:00:00,717,720.68,710.05,715.64,1211651
12/14/2023 16:00:00,710,712.1,678,680.39,3023173
12/15/2023 16:00:00,675.26,699.81,674.02,698.24,2182700
12/18/2023 16:00:00,702.02,709.3,695.94,703.72,1123325
12/19/2023 16:00:00,705.7,708.49,700,707.71,905288
12/20/2023 16:00:00,704.07,707.86,693.6,693.8,941086
12/21/2023 16:00:00,700.75,703.55,690.97,700.76,787176
12/22/2023 16:00:00,703.85,703.85,694.42,697.55,492989
12/26/2023 16:00:00,700.17,704.56,698.71,701.23,463975
12/27/2023 16:00:00,701.31,704.51,699.1,703.76,389654
12/28/2023 16:00:00,706.64,707.53,701.33,702.46,502221
12/29/2023 16:00:00,707,711.59,700.56,706.49,925672
1/2/2024 16:00:00,697.05,699.36,675.43,687.52,1130930
1/3/2024 16:00:00,675.76,687.44,674.03,675.3,883137
1/4/2024 16:00:00,674.77,679.19,671.22,671.87,914469
1/5/2024 16:00:00,672.13,680.78,672.13,676.16,723641
1/8/2024 16:00:00,684.24,697.82,682.46,696.26,1198165
1/9/2024 16:00:00,693.86,701.2,691,698.67,984114
1/10/2024 16:00:00,707.5,716.92,701.25,714.3,1011932
1/11/2024 16:00:00,722.56,734.3,718.41,726.46,1230738
1/12/2024 16:00:00,724.8,731,718.76,729.18,832922
1/16/2024 16:00:00,730,734,725.01,727.56,935227
1/17/2024 16:00:00,726,728.99,714.31,727.54,673965
1/18/2024 16:00:00,742.42,747.48,735.47,745.96,1298176
1/19/2024 16:00:00,750.44,753.16,744.82,749.11,1358013
1/22/2024 16:00:00,760.19,766.81,752.06,752.45,1625003
1/23/2024 16:00:00,752.15,754.37,743.05,753.42,1144622
1/24/2024 16:00:00,770.9,775.96,761.27,763.42,2817061
1/25/2024 16:00:00,780,783.88,757.29,766.69,3127557
1/26/2024 16:00:00,767.1,783.83,764.52,769.44,1799864
1/29/2024 16:00:00,769.32,788.05,769,787.24,1330572
1/30/2024 16:00:00,787.33,789.92,778.96,785.73,1081212
1/31/2024 16:00:00,777.89,777.89,757.53,765.4,1364388
2/1/2024 16:00:00,769.09,772.93,764.06,771,886342
2/2/2024 16:00:00,773.97,787,772.1,781.3,974791
2/5/2024 16:00:00,782,786.45,771.12,784.84,1080535
2/6/2024 16:00:00,788.88,789.1,765.88,777.45,1097834
2/7/2024 16:00:00,782.81,793.47,782.6,790.39,911720
2/8/2024 16:00:00,792,800.3,790.84,799.41,893043
2/9/2024 16:00:00,802.35,815.32,802.35,812.94,909664
2/12/2024 16:00:00,814.1,815,782.85,787.35,1241204
2/13/2024 16:00:00,765,780.48,750.23,773.76,1785878
2/14/2024 16:00:00,785,792.28,776.29,792,774125
2/15/2024 16:00:00,795,798.45,779.87,780,1056562
2/16/2024 16:00:00,774.27,779.5,764.67,765,1141749
2/20/2024 16:00:00,753.08,759.28,737.74,752.84,1485501
2/21/2024 16:00:00,736.99,748.58,730.52,747.94,877186
2/22/2024 16:00:00,775,791.87,767.63,769.21,2146182
2/23/2024 16:00:00,775.35,784.97,766.58,770.97,1297364
2/26/2024 16:00:00,774.69,790.59,774.5,779.66,1120813
2/27/2024 16:00:00,782.26,783.99,756.96,767.14,1413997
2/28/2024 16:00:00,763.51,763.73,754,759.79,1266687
2/29/2024 16:00:00,767.05,773.32,762.98,771.34,1486153
3/1/2024 16:00:00,772,778.3,768.37,773.63,912577
3/4/2024 16:00:00,773,777.88,764.74,776.09,986650
3/5/2024 16:00:00,766.23,767.22,730.15,740.15,1957479
3/6/2024 16:00:00,750.51,752.39,732.65,741.06,1346972
3/7/2024 16:00:00,748.47,768.93,735.27,768.08,1586930
3/8/2024 16:00:00,769.1,777.57,750.23,757.68,1026916
3/11/2024 16:00:00,752,759.2,744.48,756.74,912058
3/12/2024 16:00:00,764.32,793,762.98,789.56,1530337
3/13/2024 16:00:00,795.06,807.77,775,776.88,1225381
3/14/2024 16:00:00,788.13,790,773.12,779.49,886115
3/15/2024 16:00:00,761.56,762,736,743.91,2539129
3/18/2024 16:00:00,750,759.69,748.12,755.8,944747
3/19/2024 16:00:00,750,758.32,742.8,756.94,1224449
3/20/2024 16:00:00,760.62,768.18,755.05,767.56,703525
3/21/2024 16:00:00,780,785.88,771.58,773.18,1262716
3/22/2024 16:00:00,774.74,779.89,769.32,774.15,885256
3/25/2024 16:00:00,768.05,775.91,759.26,774.64,720836
3/26/2024 16:00:00,778.99,788.8,776.51,778.57,910076
3/27/2024 16:00:00,783.83,786.33,753.5,759,1401511
3/28/2024 16:00:00,759.65,768.76,755.75,762.4,1083701
4/1/2024 16:00:00,763.99,773.09,759.07,768.37,716383
4/2/2024 16:00:00,755.09,759.66,748.23,757,769141
4/3/2024 16:00:00,752.5,764.7,751.5,759.16,564242
4/4/2024 16:00:00,768.4,782.25,757.42,757.55,1022246
4/5/2024 16:00:00,758.43,791.88,758.43,783.5,1286436
4/8/2024 16:00:00,783.34,789.99,772.41,785.6,999171
4/9/2024 16:00:00,793.27,795.44,771.53,782.22,790569
4/10/2024 16:00:00,769,774.95,764.1,769.19,860842
4/11/2024 16:00:00,770,775.98,761.4,771.34,748312
4/12/2024 16:00:00,762.2,774.96,760.95,768.71,960000
4/15/2024 16:00:00,769,771.63,735.46,735.81,1171567
4/16/2024 16:00:00,738,749,735.34,744.78,1085831
4/17/2024 16:00:00,746.78,748.99,734.95,736.45,721665
4/18/2024 16:00:00,736.9,739.89,727.35,731.36,788946
4/19/2024 16:00:00,725,726.03,708.53,713.91,1540609
4/22/2024 16:00:00,723.25,724.99,710.62,721.95,1464323
4/23/2024 16:00:00,727.2,743.67,727.2,740.95,1164909
4/24/2024 16:00:00,753.97,757.25,739.13,746.29,1705638
4/25/2024 16:00:00,714.89,717.03,689,716.25,3386529
4/26/2024 16:00:00,723.76,734.71,719.85,723.55,1445884
4/29/2024 16:00:00,723.26,728.3,713.52,721.16,802646
4/30/2024 16:00:00,716.65,717.47,692.19,693.33,1995467
5/1/2024 16:00:00,693.71,700.7,683.89,685.61,1333399
5/2/2024 16:00:00,693,696.07,685,695.72,1159165
5/3/2024 16:00:00,709.98,724.65,705,716.65,1437055
5/6/2024 16:00:00,719.99,726.64,718.41,726.56,1190895
5/7/2024 16:00:00,730,730,699.55,713.33,1552654
5/8/2024 16:00:00,716.35,721.95,714.77,721.03,1147949
5/9/2024 16:00:00,720.58,729,717.99,722.94,1050278
5/10/2024 16:00:00,725,733.55,725,729.79,820949
5/13/2024 16:00:00,732.85,732.85,722.95,730.12,869972
5/14/2024 16:00:00,730,737,717.77,721.62,1099157
5/15/2024 16:00:00,730,761.31,727.56,760.57,1506092
5/16/2024 16:00:00,763.45,769.11,757.42,758.01,1094294
5/17/2024 16:00:00,765,765.98,757.54,765.05,887753
5/20/2024 16:00:00,763.53,774.84,762.24,774.18,734758
5/21/2024 16:00:00,775,777.93,763.91,777.05,784234
5/22/2024 16:00:00,780,784.33,769.47,770.83,845703
5/23/2024 16:00:00,781.68,781.68,756.03,758.15,861517
5/24/2024 16:00:00,749.36,749.72,736.37,738.51,1357098
5/28/2024 16:00:00,738.88,738.98,718.31,728.86,1547435
5/29/2024 16:00:00,722,737.86,721.44,731.12,877651
5/30/2024 16:00:00,690.99,692.57,640.17,643.29,5098243
5/31/2024 16:00:00,651.79,657.54,637.99,656.93,4301832
6/3/2024 16:00:00,659.8,664.37,645.45,660.11,1907702
6/4/2024 16:00:00,658.6,674.6,656.02,672,2491160
6/5/2024 16:00:00,683.45,705.72,676.19,704.11,2797948
6/6/2024 16:00:00,706.23,712.36,699.73,703.16,1410875
6/7/2024 16:00:00,700.51,703.99,688.51,698.81,1122703
6/10/2024 16:00:00,697.32,710.64,693.56,709.15,930760
6/11/2024 16:00:00,711.73,719,706.87,712.04,1060982
6/12/2024 16:00:00,722.26,729.5,720.83,721.5,1296125
6/13/2024 16:00:00,722,727.82,709.17,709.76,1119314
6/14/2024 16:00:00,715.6,730.5,715.6,728.58,958030
6/17/2024 16:00:00,723.42,729.33,719.05,725.5,1074942
6/18/2024 16:00:00,722.86,734.52,720.77,730.17,1186383
6/20/2024 16:00:00,742,742.26,729.42,734.31,1184178
6/21/2024 16:00:00,739.94,750.54,733.62,749.33,1764477
6/24/2024 16:00:00,742,748.18,737.69,739.59,1214053
6/25/2024 16:00:00,745,756.41,742.38,754.81,1036283
6/26/2024 16:00:00,754,761.37,750.79,753.91,986067
6/27/2024 16:00:00,758.21,780,756.67,774.13,1181421
6/28/2024 16:00:00,775.43,789.97,770.88,786.67,1721786
7/1/2024 16:00:00,784,790.48,770.78,788.96,1121477
7/2/2024 16:00:00,784.98,794.15,781.62,794.11,875835
7/3/2024 13:00:00,793.67,795.95,785.19,785.92,577464
7/5/2024 16:00:00,788.42,806.52,785.92,806.47,1193423
7/8/2024 16:00:00,763.5,776.65,761.44,766.2,2121332
7/9/2024 16:00:00,750.96,760.02,737.01,744.01,2434819
7/10/2024 16:00:00,740.56,743.38,731.55,743.15,1498780
7/11/2024 16:00:00,746,756.5,741.33,749.14,1281599
7/12/2024 16:00:00,749,762.6,744,758.49,909518
7/15/2024 16:00:00,766.95,776.48,759.25,767.85,911088
7/16/2024 16:00:00,767.85,770.04,754.51,760.79,996711
7/17/2024 16:00:00,740,746.37,730.2,736.07,1455662
7/18/2024 16:00:00,738.34,750.58,730.1,738.77,1518000
7/19/2024 16:00:00,744.69,755.88,738,751.2,1187234
7/22/2024 16:00:00,754.81,764.44,753.77,756.5,1051562
7/23/2024 16:00:00,763.47,775.97,760.66,765.52,1007283
7/24/2024 16:00:00,755,757.48,729.23,730.87,2094706
7/25/2024 16:00:00,789.33,850.33,783.04,828.79,6549768
7/26/2024 16:00:00,825.85,846.86,818.07,827.61,2410057
7/29/2024 16:00:00,829,830.5,798.55,799.06,1977472
7/30/2024 16:00:00,805.74,805.74,784.59,798.8,1191058
7/31/2024 16:00:00,816.16,821.46,805,814.39,1313705
8/1/2024 16:00:00,818.86,838.59,802.12,811.38,1338275
8/2/2024 16:00:00,790.86,793.13,765.46,790.64,1568867
8/5/2024 16:00:00,757.04,790.95,746.1,781.27,2019701
8/6/2024 16:00:00,787,814.29,781.28,792.95,1545801
8/7/2024 16:00:00,805.64,816.54,774.93,776.28,1062412
8/8/2024 16:00:00,792,802.7,786.77,796.14,1449104
8/9/2024 16:00:00,796.14,816.01,796.14,811.08,799546
8/12/2024 16:00:00,811.08,814.83,800.07,806.62,539575
8/13/2024 16:00:00,812,822.87,810.6,818.8,765765
8/14/2024 16:00:00,822,827.05,815.5,819.02,833147
8/15/2024 16:00:00,825,835,823.68,832.11,1165748
8/16/2024 16:00:00,829.25,831.04,823.85,827.56,835507
8/19/2024 16:00:00,825.92,833.72,821.19,832.88,641512
8/20/2024 16:00:00,835,843.26,832.08,838.22,784794
8/21/2024 16:00:00,833.53,840.42,830,839.18,609872
8/22/2024 16:00:00,840,842.55,819.52,820.93,706633
8/23/2024 16:00:00,830,834.5,815,828.27,702052
8/26/2024 16:00:00,829.68,836.76,825.49,827.86,536300
8/27/2024 16:00:00,823.17,835.71,823.17,831.74,481503
8/28/2024 16:00:00,831.69,832.68,808.96,814.11,864574
8/29/2024 16:00:00,822.3,849,822.3,831.27,1245610
8/30/2024 16:00:00,836.76,857.25,835.84,855,1920980
9/3/2024 16:00:00,856.4,863.85,830.87,835.86,1261504
9/4/2024 16:00:00,829.72,836.4,821.24,834.83,709110
9/5/2024 16:00:00,826.65,840.36,825.05,835.4,789138
9/6/2024 16:00:00,839.01,848.42,818.98,825.04,1070842
9/9/2024 16:00:00,833.49,857,826.97,855.58,1129125
9/10/2024 16:00:00,860.71,866.45,847.49,860.15,883931
9/11/2024 16:00:00,858.27,877.62,841.85,875.96,1002449
9/12/2024 16:00:00,880.03,889.52,871.28,886.13,941870
9/13/2024 16:00:00,881.77,884.5,872.88,878.95,913049
9/16/2024 16:00:00,885,897.99,879.73,892.46,1082274
9/17/2024 16:00:00,890.65,899.61,882.8,885.83,1033882
9/18/2024 16:00:00,887.76,899.71,882.3,890.39,981167
9/19/2024 16:00:00,908,921.97,902.86,919.25,1484312
9/20/2024 16:00:00,920.42,940.12,917.31,937.36,3609403
9/23/2024 16:00:00,936.88,945.46,922.92,925.55,1212995
9/24/2024 16:00:00,925.55,926.92,907.49,923.6,1001256
9/25/2024 16:00:00,898.47,901,886.51,890.03,2288811
9/26/2024 16:00:00,893.65,894.22,871.43,884.86,1599516
9/27/2024 16:00:00,884.04,886.19,876.37,881.79,906696
9/30/2024 16:00:00,880.9,894.8,876.22,894.39,843880
10/1/2024 16:00:00,898.59,898.59,866.63,867.18,1313083
10/2/2024 16:00:00,869,884.59,863.24,880.41,933207